Date,Visitors
1-Apr-2008,35
2-Apr-2008,32
3-Apr-2008,30
4-Apr-2008,31
5-Apr-2008,44
6-Apr-2008,29
7-Apr-2008,45
8-Apr-2008,43
9-Apr-2008,38
10-Apr-2008,27
11-Apr-2008,38
12-Apr-2008,33
13-Apr-2008,55
14-Apr-2008,47
15-Apr-2008,45
16-Apr-2008,37
17-Apr-2008,50
18-Apr-2008,43
19-Apr-2008,41
20-Apr-2008,52
21-Apr-2008,34
22-Apr-2008,53
23-Apr-2008,39
24-Apr-2008,32
25-Apr-2008,37
26-Apr-2008,43
27-Apr-2008,39
28-Apr-2008,35
29-Apr-2008,44
30-Apr-2008,38
1-May-2008,24
2-May-2008,23
3-May-2008,31
4-May-2008,44
5-May-2008,38
6-May-2008,50
7-May-2008,38
8-May-2008,51
9-May-2008,31
10-May-2008,31
11-May-2008,51
12-May-2008,36
13-May-2008,45
14-May-2008,51
15-May-2008,34
16-May-2008,52
17-May-2008,47
18-May-2008,45
19-May-2008,46
20-May-2008,39
21-May-2008,48
22-May-2008,37
23-May-2008,35
24-May-2008,52
25-May-2008,42
26-May-2008,45
27-May-2008,39
28-May-2008,37
29-May-2008,30
30-May-2008,35
31-May-2008,28
1-Jun-2008,45
2-Jun-2008,34
3-Jun-2008,36
4-Jun-2008,50
5-Jun-2008,44
6-Jun-2008,39
7-Jun-2008,32
8-Jun-2008,39
9-Jun-2008,45
10-Jun-2008,43
11-Jun-2008,39
12-Jun-2008,31
13-Jun-2008,27
14-Jun-2008,30
15-Jun-2008,42
16-Jun-2008,46
17-Jun-2008,41
18-Jun-2008,36
19-Jun-2008,45
20-Jun-2008,46
21-Jun-2008,43
22-Jun-2008,38
23-Jun-2008,34
24-Jun-2008,35
25-Jun-2008,56
26-Jun-2008,36
27-Jun-2008,32
28-Jun-2008,50
29-Jun-2008,41
30-Jun-2008,39
1-Jul-2008,41
2-Jul-2008,47
3-Jul-2008,34
4-Jul-2008,36
5-Jul-2008,33
6-Jul-2008,35
7-Jul-2008,38
8-Jul-2008,38
9-Jul-2008,34
10-Jul-2008,53
11-Jul-2008,34
12-Jul-2008,34
13-Jul-2008,38
14-Jul-2008,35
15-Jul-2008,32
16-Jul-2008,42
17-Jul-2008,34
18-Jul-2008,46
19-Jul-2008,30
20-Jul-2008,46
21-Jul-2008,45
22-Jul-2008,54
23-Jul-2008,34
24-Jul-2008,37
25-Jul-2008,35
26-Jul-2008,40
27-Jul-2008,42
28-Jul-2008,58
29-Jul-2008,51
30-Jul-2008,32
31-Jul-2008,35
1-Aug-2008,38
2-Aug-2008,33
3-Aug-2008,39
4-Aug-2008,47
5-Aug-2008,38
6-Aug-2008,52
7-Aug-2008,30
8-Aug-2008,34
9-Aug-2008,40
10-Aug-2008,35
11-Aug-2008,42
12-Aug-2008,41
13-Aug-2008,42
14-Aug-2008,38
15-Aug-2008,24
16-Aug-2008,34
17-Aug-2008,43
18-Aug-2008,36
19-Aug-2008,55
20-Aug-2008,41
21-Aug-2008,45
22-Aug-2008,41
23-Aug-2008,37
24-Aug-2008,43
25-Aug-2008,39
26-Aug-2008,33
27-Aug-2008,43
28-Aug-2008,40
29-Aug-2008,38
30-Aug-2008,45
31-Aug-2008,46
1-Sep-2008,34
2-Sep-2008,35
3-Sep-2008,48
4-Sep-2008,51
5-Sep-2008,36
6-Sep-2008,33
7-Sep-2008,46
8-Sep-2008,42
9-Sep-2008,48
10-Sep-2008,34
11-Sep-2008,41
12-Sep-2008,35
13-Sep-2008,40
14-Sep-2008,34
15-Sep-2008,30
16-Sep-2008,36
17-Sep-2008,40
18-Sep-2008,39
19-Sep-2008,45
20-Sep-2008,38
21-Sep-2008,47
22-Sep-2008,33
23-Sep-2008,30
24-Sep-2008,42
25-Sep-2008,43
26-Sep-2008,41
27-Sep-2008,41
28-Sep-2008,59
29-Sep-2008,43
30-Sep-2008,45
1-Oct-2008,38
2-Oct-2008,37
3-Oct-2008,45
4-Oct-2008,42
5-Oct-2008,57
6-Oct-2008,46
7-Oct-2008,51
8-Oct-2008,41
9-Oct-2008,47
10-Oct-2008,26
11-Oct-2008,35
12-Oct-2008,44
13-Oct-2008,41
14-Oct-2008,42
15-Oct-2008,36
16-Oct-2008,45
17-Oct-2008,45
18-Oct-2008,45
19-Oct-2008,47
20-Oct-2008,38
21-Oct-2008,42
22-Oct-2008,35
23-Oct-2008,36
24-Oct-2008,39
25-Oct-2008,45
26-Oct-2008,43
27-Oct-2008,47
28-Oct-2008,36
29-Oct-2008,41
30-Oct-2008,50
31-Oct-2008,39
1-Nov-2008,41
2-Nov-2008,46
3-Nov-2008,64
4-Nov-2008,45
5-Nov-2008,34
6-Nov-2008,38
7-Nov-2008,44
8-Nov-2008,48
9-Nov-2008,46
10-Nov-2008,44
11-Nov-2008,37
12-Nov-2008,39
13-Nov-2008,44
14-Nov-2008,45
15-Nov-2008,33
16-Nov-2008,44
17-Nov-2008,38
18-Nov-2008,46
19-Nov-2008,46
20-Nov-2008,40
21-Nov-2008,39
22-Nov-2008,44
23-Nov-2008,48
24-Nov-2008,50
25-Nov-2008,41
26-Nov-2008,42
27-Nov-2008,51
28-Nov-2008,41
29-Nov-2008,44
30-Nov-2008,38
1-Dec-2008,68
2-Dec-2008,40
3-Dec-2008,42
4-Dec-2008,51
5-Dec-2008,44
6-Dec-2008,45
7-Dec-2008,36
8-Dec-2008,57
9-Dec-2008,44
10-Dec-2008,42
11-Dec-2008,53
12-Dec-2008,42
13-Dec-2008,34
14-Dec-2008,40
15-Dec-2008,56
16-Dec-2008,44
17-Dec-2008,53
18-Dec-2008,55
19-Dec-2008,39
20-Dec-2008,59
21-Dec-2008,55
22-Dec-2008,73
23-Dec-2008,55
24-Dec-2008,44
25-Dec-2008,43
26-Dec-2008,40
27-Dec-2008,47
28-Dec-2008,51
29-Dec-2008,56
30-Dec-2008,49
31-Dec-2008,54
1-Jan-2009,56
2-Jan-2009,47
3-Jan-2009,44
4-Jan-2009,43
5-Jan-2009,42
6-Jan-2009,45
7-Jan-2009,50
8-Jan-2009,48
9-Jan-2009,43
10-Jan-2009,40
11-Jan-2009,59
12-Jan-2009,41
13-Jan-2009,42
14-Jan-2009,51
15-Jan-2009,49
16-Jan-2009,45
17-Jan-2009,43
18-Jan-2009,42
19-Jan-2009,38
20-Jan-2009,47
21-Jan-2009,38
22-Jan-2009,36
23-Jan-2009,42
24-Jan-2009,35
25-Jan-2009,28
26-Jan-2009,44
27-Jan-2009,36
28-Jan-2009,45
29-Jan-2009,46
30-Jan-2009,48
31-Jan-2009,49
1-Feb-2009,43
2-Feb-2009,42
3-Feb-2009,59
4-Feb-2009,45
5-Feb-2009,52
6-Feb-2009,46
7-Feb-2009,42
8-Feb-2009,40
9-Feb-2009,40
10-Feb-2009,45
11-Feb-2009,35
12-Feb-2009,35
13-Feb-2009,40
14-Feb-2009,39
15-Feb-2009,33
16-Feb-2009,42
17-Feb-2009,47
18-Feb-2009,51
19-Feb-2009,44
20-Feb-2009,40
21-Feb-2009,57
22-Feb-2009,49
23-Feb-2009,45
24-Feb-2009,49
25-Feb-2009,51
26-Feb-2009,46
27-Feb-2009,44
28-Feb-2009,52
1-Mar-2009,45
2-Mar-2009,32
3-Mar-2009,46
4-Mar-2009,41
5-Mar-2009,34
6-Mar-2009,33
7-Mar-2009,36
8-Mar-2009,49
9-Mar-2009,43
10-Mar-2009,43
11-Mar-2009,34
12-Mar-2009,39
13-Mar-2009,35
14-Mar-2009,52
15-Mar-2009,47
16-Mar-2009,52
17-Mar-2009,39
18-Mar-2009,40
19-Mar-2009,42
20-Mar-2009,42
21-Mar-2009,53
22-Mar-2009,39
23-Mar-2009,40
24-Mar-2009,38
25-Mar-2009,44
26-Mar-2009,34
27-Mar-2009,37
28-Mar-2009,52
29-Mar-2009,48
30-Mar-2009,55
31-Mar-2009,50
